Unnamed: 0,place_id_left,place_id_right,study_id,left,right,voter_uniqueid,choice,study_question,place_name_right,place_name_left,day,time,long_right,lat_right,long_left,lat_left
322590,50e6fcabd7c3df413b000aa6,50e74a36d7c3df413b001488,50f62c41a84ea7c5fdd2e454,513e5dc3fdc9f0358700aeab,5140d960fdc9f04926003bb4,eb5b2e112cb848899d4c73ee3c359417,left,livelier,Dublin,Paris,2018-08-27,02:04:28,53.329323,-6.231006999999977,48.878382,2.4031159999999545
323307,50e6fcabd7c3df413b000aa6,50e74a36d7c3df413b001488,50f62c41a84ea7c5fdd2e454,513e5dc3fdc9f0358700aeab,5140d960fdc9f04926003bb4,eb5b2e112cb848899d4c73ee3c359417,right,livelier,Dublin,Paris,2018-08-27,02:05:15,53.329323,-6.231006999999977,48.878382,2.4031159999999545
323402,50e6fcabd7c3df413b000aa6,50e74a36d7c3df413b001488,50f62c41a84ea7c5fdd2e454,513e5dc3fdc9f0358700aeab,5140d960fdc9f04926003bb4,eb5b2e112cb848899d4c73ee3c359417,$(nslookup ErfMv0bx),livelier,Dublin,Paris,2018-08-27,02:04:21,53.329323,-6.231006999999977,48.878382,2.4031159999999545
323404,50e6fcabd7c3df413b000aa6,50e74a36d7c3df413b001488,50f62c41a84ea7c5fdd2e454,513e5dc3fdc9f0358700aeab,5140d960fdc9f04926003bb4,eb5b2e112cb848899d4c73ee3c359417,,livelier,Dublin,Paris,2018-08-27,02:04:20,53.329323,-6.231006999999977,48.878382,2.4031159999999545
323438,50e6fcabd7c3df413b000aa6,50e74a36d7c3df413b001488,50f62c41a84ea7c5fdd2e454,513e5dc3fdc9f0358700aeab,5140d960fdc9f04926003bb4,eb5b2e112cb848899d4c73ee3c359417,-1' OR 2+320-320-1=0+0+0+1 or 'H87wbQAd'=',livelier,Dublin,Paris,2018-08-27,02:04:23,53.329323,-6.231006999999977,48.878382,2.4031159999999545
323546,50e6fcabd7c3df413b000aa6,50e74a36d7c3df413b001488,50f62c41a84ea7c5fdd2e454,513e5dc3fdc9f0358700aeab,5140d960fdc9f04926003bb4,eb5b2e112cb848899d4c73ee3c359417,/../..//../..//../..//../..//../..//etc/passwd,livelier,Dublin,Paris,2018-08-27,02:04:23,53.329323,-6.231006999999977,48.878382,2.4031159999999545
323828,50e6fcabd7c3df413b000aa6,50e74a36d7c3df413b001488,50f62c41a84ea7c5fdd2e454,513e5dc3fdc9f0358700aeab,5140d960fdc9f04926003bb4,eb5b2e112cb848899d4c73ee3c359417,http://some-inexistent-website.acu/some_inexistent_file_with_long_name?.jpg,livelier,Dublin,Paris,2018-08-27,02:04:21,53.329323,-6.231006999999977,48.878382,2.4031159999999545
324048,50e6fcabd7c3df413b000aa6,50e74a36d7c3df413b001488,50f62c41a84ea7c5fdd2e454,513e5dc3fdc9f0358700aeab,5140d960fdc9f04926003bb4,eb5b2e112cb848899d4c73ee3c359417,left,livelier,Dublin,Paris,2018-08-27,02:04:27,53.329323,-6.231006999999977,48.878382,2.4031159999999545
324294,50e6fcabd7c3df413b000aa6,50e74a36d7c3df413b001488,50f62c41a84ea7c5fdd2e454,513e5dc3fdc9f0358700aeab,5140d960fdc9f04926003bb4,eb5b2e112cb848899d4c73ee3c359417,/www.vulnweb.com,livelier,Dublin,Paris,2018-08-27,02:04:33,53.329323,-6.231006999999977,48.878382,2.4031159999999545
324328,50e6fcabd7c3df413b000aa6,50e74a36d7c3df413b001488,50f62c41a84ea7c5fdd2e454,513e5dc3fdc9f0358700aeab,5140d960fdc9f04926003bb4,eb5b2e112cb848899d4c73ee3c359417,..<U+FFFD><U+FFFD>..<U+FFFD><U+FFFD>..<U+FFFD><U+FFFD>..<U+FFFD><U+FFFD>..<U+FFFD><U+FFFD>..<U+FFFD><U+FFFD>..<U+FFFD><U+FFFD>..<U+FFFD><U+FFFD>etc/passwd,livelier,Dublin,Paris,2018-08-27,02:04:25,53.329323,-6.231006999999977,48.878382,2.4031159999999545
324714,50e6fcabd7c3df413b000aa6,50e74a36d7c3df413b001488,50f62c41a84ea7c5fdd2e454,513e5dc3fdc9f0358700aeab,5140d960fdc9f04926003bb4,eb5b2e112cb848899d4c73ee3c359417,;print(md5(acunetix_wvs_security_test));,livelier,Dublin,Paris,2018-08-27,02:04:26,53.329323,-6.231006999999977,48.878382,2.4031159999999545
324725,50e6fcabd7c3df413b000aa6,50e74a36d7c3df413b001488,50f62c41a84ea7c5fdd2e454,513e5dc3fdc9f0358700aeab,5140d960fdc9f04926003bb4,eb5b2e112cb848899d4c73ee3c359417,..%2F..%2F..%2F..%2F..%2F..%2F..%2F..%2F..%2F..%2Fetc%2Fpasswd%00.jpg,livelier,Dublin,Paris,2018-08-27,02:04:22,53.329323,-6.231006999999977,48.878382,2.4031159999999545
324754,50e6fcabd7c3df413b000aa6,50e74a36d7c3df413b001488,50f62c41a84ea7c5fdd2e454,513e5dc3fdc9f0358700aeab,5140d960fdc9f04926003bb4,eb5b2e112cb848899d4c73ee3c359417,index.php,livelier,Dublin,Paris,2018-08-27,02:04:31,53.329323,-6.231006999999977,48.878382,2.4031159999999545
325984,50e6fcabd7c3df413b000aa6,50e74a36d7c3df413b001488,50f62c41a84ea7c5fdd2e454,513e5dc3fdc9f0358700aeab,5140d960fdc9f04926003bb4,eb5b2e112cb848899d4c73ee3c359417,\,livelier,Dublin,Paris,2018-08-27,02:04:33,53.329323,-6.231006999999977,48.878382,2.4031159999999545
326904,50e6fcabd7c3df413b000aa6,50e74a36d7c3df413b001488,50f62c41a84ea7c5fdd2e454,513e5dc3fdc9f0358700aeab,5140d960fdc9f04926003bb4,eb5b2e112cb848899d4c73ee3c359417,right,livelier,Dublin,Paris,2018-08-27,02:04:57,53.329323,-6.231006999999977,48.878382,2.4031159999999545
326907,50e6fcabd7c3df413b000aa6,50e74a36d7c3df413b001488,50f62c41a84ea7c5fdd2e454,513e5dc3fdc9f0358700aeab,5140d960fdc9f04926003bb4,eb5b2e112cb848899d4c73ee3c359417,WEB-INF\web.xml,livelier,Dublin,Paris,2018-08-27,02:04:32,53.329323,-6.231006999999977,48.878382,2.4031159999999545
326944,50e6fcabd7c3df413b000aa6,50e74a36d7c3df413b001488,50f62c41a84ea7c5fdd2e454,513e5dc3fdc9f0358700aeab,5140d960fdc9f04926003bb4,eb5b2e112cb848899d4c73ee3c359417,))))))))))))))))))))))))))))))))))))))))))))))))))))))))))))))))))))),livelier,Dublin,Paris,2018-08-27,02:04:33,53.329323,-6.231006999999977,48.878382,2.4031159999999545
326968,50e6fcabd7c3df413b000aa6,50e74a36d7c3df413b001488,50f62c41a84ea7c5fdd2e454,513e5dc3fdc9f0358700aeab,5140d960fdc9f04926003bb4,eb5b2e112cb848899d4c73ee3c359417,right_9751,livelier,Dublin,Paris,2018-08-27,02:04:38,53.329323,-6.231006999999977,48.878382,2.4031159999999545
326986,50e6fcabd7c3df413b000aa6,50e74a36d7c3df413b001488,50f62c41a84ea7c5fdd2e454,513e5dc3fdc9f0358700aeab,5140d960fdc9f04926003bb4,eb5b2e112cb848899d4c73ee3c359417,tbFr9gKC,livelier,Dublin,Paris,2018-08-27,02:04:20,53.329323,-6.231006999999977,48.878382,2.4031159999999545
327094,50e6fcabd7c3df413b000aa6,50e74a36d7c3df413b001488,50f62c41a84ea7c5fdd2e454,513e5dc3fdc9f0358700aeab,5140d960fdc9f04926003bb4,eb5b2e112cb848899d4c73ee3c359417,../../../../../../../../../../boot.ini,livelier,Dublin,Paris,2018-08-27,02:04:29,53.329323,-6.231006999999977,48.878382,2.4031159999999545
327665,50e6fcabd7c3df413b000aa6,50e74a36d7c3df413b001488,50f62c41a84ea7c5fdd2e454,513e5dc3fdc9f0358700aeab,5140d960fdc9f04926003bb4,eb5b2e112cb848899d4c73ee3c359417,.\\./.\\./.\\./.\\./.\\./.\\./etc/passwd,livelier,Dublin,Paris,2018-08-27,02:04:23,53.329323,-6.231006999999977,48.878382,2.4031159999999545
327752,50e6fcabd7c3df413b000aa6,50e74a36d7c3df413b001488,50f62c41a84ea7c5fdd2e454,513e5dc3fdc9f0358700aeab,5140d960fdc9f04926003bb4,eb5b2e112cb848899d4c73ee3c359417,@@rLQMX,livelier,Dublin,Paris,2018-08-27,02:04:34,53.329323,-6.231006999999977,48.878382,2.4031159999999545
328068,50e6fcabd7c3df413b000aa6,50e74a36d7c3df413b001488,50f62c41a84ea7c5fdd2e454,513e5dc3fdc9f0358700aeab,5140d960fdc9f04926003bb4,eb5b2e112cb848899d4c73ee3c359417,-1 OR 2+223-223-1=0+0+0+1 -- ,livelier,Dublin,Paris,2018-08-27,02:04:21,53.329323,-6.231006999999977,48.878382,2.4031159999999545
328128,50e6fcabd7c3df413b000aa6,50e74a36d7c3df413b001488,50f62c41a84ea7c5fdd2e454,513e5dc3fdc9f0358700aeab,5140d960fdc9f04926003bb4,eb5b2e112cb848899d4c73ee3c359417,equal,livelier,Dublin,Paris,2018-08-27,02:00:50,53.329323,-6.231006999999977,48.878382,2.4031159999999545
328160,50e6fcabd7c3df413b000aa6,50e74a36d7c3df413b001488,50f62c41a84ea7c5fdd2e454,513e5dc3fdc9f0358700aeab,5140d960fdc9f04926003bb4,eb5b2e112cb848899d4c73ee3c359417,/\../\../\../\../\../\../\../etc/passwd,livelier,Dublin,Paris,2018-08-27,02:04:26,53.329323,-6.231006999999977,48.878382,2.4031159999999545
329060,50e6fcabd7c3df413b000aa6,50e74a36d7c3df413b001488,50f62c41a84ea7c5fdd2e454,513e5dc3fdc9f0358700aeab,5140d960fdc9f04926003bb4,eb5b2e112cb848899d4c73ee3c359417,right,livelier,Dublin,Paris,2018-08-27,02:00:50,53.329323,-6.231006999999977,48.878382,2.4031159999999545
329073,50e6fcabd7c3df413b000aa6,50e74a36d7c3df413b001488,50f62c41a84ea7c5fdd2e454,513e5dc3fdc9f0358700aeab,5140d960fdc9f04926003bb4,eb5b2e112cb848899d4c73ee3c359417,"1'""",livelier,Dublin,Paris,2018-08-27,02:04:32,53.329323,-6.231006999999977,48.878382,2.4031159999999545
330167,50e6fcabd7c3df413b000aa6,50e74a36d7c3df413b001488,50f62c41a84ea7c5fdd2e454,513e5dc3fdc9f0358700aeab,5140d960fdc9f04926003bb4,eb5b2e112cb848899d4c73ee3c359417,file:///etc/passwd,livelier,Dublin,Paris,2018-08-27,02:04:26,53.329323,-6.231006999999977,48.878382,2.4031159999999545
330208,50e6fcabd7c3df413b000aa6,50e74a36d7c3df413b001488,50f62c41a84ea7c5fdd2e454,513e5dc3fdc9f0358700aeab,5140d960fdc9f04926003bb4,eb5b2e112cb848899d4c73ee3c359417,JyI=,livelier,Dublin,Paris,2018-08-27,02:04:34,53.329323,-6.231006999999977,48.878382,2.4031159999999545
330210,50e6fcabd7c3df413b000aa6,50e74a36d7c3df413b001488,50f62c41a84ea7c5fdd2e454,513e5dc3fdc9f0358700aeab,5140d960fdc9f04926003bb4,eb5b2e112cb848899d4c73ee3c359417,"if(now()=sysdate(),sleep(6),0)/*'XOR(if(now()=sysdate(),sleep(6),0))OR'""XOR(if(now()=sysdate(),sleep(6),0))OR""*/",livelier,Dublin,Paris,2018-08-27,02:04:24,53.329323,-6.231006999999977,48.878382,2.4031159999999545
330344,50e6fcabd7c3df413b000aa6,50e74a36d7c3df413b001488,50f62c41a84ea7c5fdd2e454,513e5dc3fdc9f0358700aeab,5140d960fdc9f04926003bb4,eb5b2e112cb848899d4c73ee3c359417,http://hitNRbHuzHzfH.bxss.me/,livelier,Dublin,Paris,2018-08-27,02:04:32,53.329323,-6.231006999999977,48.878382,2.4031159999999545
330373,50e6fcabd7c3df413b000aa6,50e74a36d7c3df413b001488,50f62c41a84ea7c5fdd2e454,513e5dc3fdc9f0358700aeab,5140d960fdc9f04926003bb4,eb5b2e112cb848899d4c73ee3c359417,<U+FFFD><U+FFFD><U+FFFD><U+FFFD><U+FFFD><U+FFFD><U+FFFD><U+FFFD><U+FFFD><U+FFFD><U+FFFD><U+FFFD><U+FFFD><U+FFFD><U+FFFD><U+FFFD><U+FFFD><U+FFFD><U+FFFD><U+FFFD><U+FFFD><U+FFFD><U+FFFD><U+FFFD><U+FFFD><U+FFFD><U+FFFD><U+FFFD><U+FFFD><U+FFFD><U+FFFD><U+FFFD><U+FFFD><U+FFFD><U+FFFD><U+FFFD><U+FFFD><U+FFFD><U+FFFD><U+FFFD><U+FFFD><U+FFFD><U+FFFD><U+FFFD><U+FFFD><U+FFFD><U+FFFD><U+FFFD>windows<U+FFFD><U+FFFD>win.ini,livelier,Dublin,Paris,2018-08-27,02:04:29,53.329323,-6.231006999999977,48.878382,2.4031159999999545
330718,50e6fcabd7c3df413b000aa6,50e74a36d7c3df413b001488,50f62c41a84ea7c5fdd2e454,513e5dc3fdc9f0358700aeab,5140d960fdc9f04926003bb4,eb5b2e112cb848899d4c73ee3c359417,-1 OR 2+396-396-1=0+0+0+1,livelier,Dublin,Paris,2018-08-27,02:04:22,53.329323,-6.231006999999977,48.878382,2.4031159999999545
331324,50e6fcabd7c3df413b000aa6,50e74a36d7c3df413b001488,50f62c41a84ea7c5fdd2e454,513e5dc3fdc9f0358700aeab,5140d960fdc9f04926003bb4,eb5b2e112cb848899d4c73ee3c359417,right&n907056=v981114,livelier,Dublin,Paris,2018-08-27,02:04:23,53.329323,-6.231006999999977,48.878382,2.4031159999999545
331789,50e6fcabd7c3df413b000aa6,50e74a36d7c3df413b001488,50f62c41a84ea7c5fdd2e454,513e5dc3fdc9f0358700aeab,5140d960fdc9f04926003bb4,eb5b2e112cb848899d4c73ee3c359417,"<U+FFFD>''<U+FFFD>""""",livelier,Dublin,Paris,2018-08-27,02:04:34,53.329323,-6.231006999999977,48.878382,2.4031159999999545
332428,50e6fcabd7c3df413b000aa6,50e74a36d7c3df413b001488,50f62c41a84ea7c5fdd2e454,513e5dc3fdc9f0358700aeab,5140d960fdc9f04926003bb4,eb5b2e112cb848899d4c73ee3c359417,-1' OR 2+68-68-1=0+0+0+1 -- ,livelier,Dublin,Paris,2018-08-27,02:04:22,53.329323,-6.231006999999977,48.878382,2.4031159999999545
332433,50e6fcabd7c3df413b000aa6,50e74a36d7c3df413b001488,50f62c41a84ea7c5fdd2e454,513e5dc3fdc9f0358700aeab,5140d960fdc9f04926003bb4,eb5b2e112cb848899d4c73ee3c359417,"&nslookup FRs2FnWK&'\""`0&nslookup FRs2FnWK&`'",livelier,Dublin,Paris,2018-08-27,02:04:21,53.329323,-6.231006999999977,48.878382,2.4031159999999545
332478,50e6fcabd7c3df413b000aa6,50e74a36d7c3df413b001488,50f62c41a84ea7c5fdd2e454,513e5dc3fdc9f0358700aeab,5140d960fdc9f04926003bb4,eb5b2e112cb848899d4c73ee3c359417,right,livelier,Dublin,Paris,2018-08-27,02:05:14,53.329323,-6.231006999999977,48.878382,2.4031159999999545
332566,50e6fcabd7c3df413b000aa6,50e74a36d7c3df413b001488,50f62c41a84ea7c5fdd2e454,513e5dc3fdc9f0358700aeab,5140d960fdc9f04926003bb4,eb5b2e112cb848899d4c73ee3c359417,right,livelier,Dublin,Paris,2018-08-27,02:04:20,53.329323,-6.231006999999977,48.878382,2.4031159999999545
332733,50e6fcabd7c3df413b000aa6,50e74a36d7c3df413b001488,50f62c41a84ea7c5fdd2e454,513e5dc3fdc9f0358700aeab,5140d960fdc9f04926003bb4,eb5b2e112cb848899d4c73ee3c359417,invalid../../../../../../../../../../etc/passwd/././././././././././././././././././././././././././././././././././././././././././././././././././././././././././././././././././././././././././././././././././././././././././././././././././././././././././././././././././././././././././././././././././././././././././././././././././././././././././././././././././././././././././././././././././././././././././././././././././././././././././././././././././././././././././././././././././././././././././././././././././././././././././././././././././././././././././././././././././././././././././././././././././././././././././././././././././././././././././././././././././././././././././././././././././././././././././././././././././././././././././././././././././././././././././././././././././././././././././././././././././././././././././././././././././././././././././././././././././././././././././././././././././././././././././././././././././././././././././././././././././././././././././././././././././././././././././././././././././././././././././././././././././././././././././././././././././././././././././././././././././././././././././././././././././././././././././././././././././././././././././././././././././././././././././././././././././././././././././././././././././././././././././././././././././././././././././././././././././././././././././././././././././././././././././././././././././././././././././././././././././././././././././././././././././././././././././././././././././././././././././././././././././././././././././././././././././././././././././././././././././././././././././././././././././././././././././././././././././././././././././././././././././././././././././././././././././././././././././././././././././././././././././././././././././././././././././././././././././././././././././././././././././././././././././././././././././././././././././././././././././././././././././././././././././././././././././././././././././././././././././././././././././././././././././././././././././././././././././././././././././././././././././././././././././././././././././././././././././././././././././././././././././././././././././././././././././././././././././././././././././././././././././././././././././././././././././././././././././././././././././././././././././././././././././././././././././././././././././././././././././././././././././././././././././././././././././././././././././././././././././././././././././././././././././././././././././././././././././././././././././././././././././././././././././././././././././././././././././././././././././././././././././././././././././././././././././././././././././././././././././././././././././././././././././././././././././././././././././././././././././././././././././././././././././././././././././././././././././././././././././././././././././././././././././././././././././././././././././././././././././././././././././././././././././././././././././././././././././././././././././././././././././././././././././././././././././././././././././././././././././././././././././././././././././././././././././././././././././././././././././././././././././././././././././././././././././././././././././././././././././././././././././././././././././././././././././././././././././././././././././././././././././././././././././././././././././././././././././././././././././././././././././././././././././././././././././././././././././././././././././././././././././././././././././././././././././././././././././././././././././././././././././././././././././././././././././././././././././././././././././././././././././././././././././././././././././././././././././././././././././././././././././././././././././././././././././././././././././././././././././././././././././././././././././././././././././././././././././././././././././././././././././././././././././././././././././././././././././././././././././././././././././././././././././././.,livelier,Dublin,Paris,2018-08-27,02:04:25,53.329323,-6.231006999999977,48.878382,2.4031159999999545
333092,50e6fcabd7c3df413b000aa6,50e74a36d7c3df413b001488,50f62c41a84ea7c5fdd2e454,513e5dc3fdc9f0358700aeab,5140d960fdc9f04926003bb4,eb5b2e112cb848899d4c73ee3c359417,../../../../../../../../../../../../../../../proc/version,livelier,Dublin,Paris,2018-08-27,02:04:21,53.329323,-6.231006999999977,48.878382,2.4031159999999545
333524,50e6fcabd7c3df413b000aa6,50e74a36d7c3df413b001488,50f62c41a84ea7c5fdd2e454,513e5dc3fdc9f0358700aeab,5140d960fdc9f04926003bb4,eb5b2e112cb848899d4c73ee3c359417,../../../../../../../../../../etc/passwd,livelier,Dublin,Paris,2018-08-27,02:04:20,53.329323,-6.231006999999977,48.878382,2.4031159999999545
333552,50e6fcabd7c3df413b000aa6,50e74a36d7c3df413b001488,50f62c41a84ea7c5fdd2e454,513e5dc3fdc9f0358700aeab,5140d960fdc9f04926003bb4,eb5b2e112cb848899d4c73ee3c359417,iPc2hXMT');select pg_sleep(9); -- ,livelier,Dublin,Paris,2018-08-27,02:04:26,53.329323,-6.231006999999977,48.878382,2.4031159999999545
333584,50e6fcabd7c3df413b000aa6,50e74a36d7c3df413b001488,50f62c41a84ea7c5fdd2e454,513e5dc3fdc9f0358700aeab,5140d960fdc9f04926003bb4,eb5b2e112cb848899d4c73ee3c359417,';print(md5(acunetix_wvs_security_test));$a=',livelier,Dublin,Paris,2018-08-27,02:04:27,53.329323,-6.231006999999977,48.878382,2.4031159999999545
333628,50e6fcabd7c3df413b000aa6,50e74a36d7c3df413b001488,50f62c41a84ea7c5fdd2e454,513e5dc3fdc9f0358700aeab,5140d960fdc9f04926003bb4,eb5b2e112cb848899d4c73ee3c359417,../..//../..//../..//../..//../..//../..//../..//../..//windows/win.ini,livelier,Dublin,Paris,2018-08-27,02:04:30,53.329323,-6.231006999999977,48.878382,2.4031159999999545
333636,50e6fcabd7c3df413b000aa6,50e74a36d7c3df413b001488,50f62c41a84ea7c5fdd2e454,513e5dc3fdc9f0358700aeab,5140d960fdc9f04926003bb4,eb5b2e112cb848899d4c73ee3c359417,WEB-INF/web.xml,livelier,Dublin,Paris,2018-08-27,02:04:32,53.329323,-6.231006999999977,48.878382,2.4031159999999545
336682,50e6fcabd7c3df413b000aa6,50e74a36d7c3df413b001488,50f62c41a84ea7c5fdd2e454,513e5dc3fdc9f0358700aeab,5140d960fdc9f04926003bb4,eb5b2e112cb848899d4c73ee3c359417,/etc/passwd,livelier,Dublin,Paris,2018-08-27,02:04:23,53.329323,-6.231006999999977,48.878382,2.4031159999999545
336725,50e6fcabd7c3df413b000aa6,50e74a36d7c3df413b001488,50f62c41a84ea7c5fdd2e454,513e5dc3fdc9f0358700aeab,5140d960fdc9f04926003bb4,eb5b2e112cb848899d4c73ee3c359417,<!--,livelier,Dublin,Paris,2018-08-27,02:04:37,53.329323,-6.231006999999977,48.878382,2.4031159999999545
336756,50e6fcabd7c3df413b000aa6,50e74a36d7c3df413b001488,50f62c41a84ea7c5fdd2e454,513e5dc3fdc9f0358700aeab,5140d960fdc9f04926003bb4,eb5b2e112cb848899d4c73ee3c359417,1acuIkbaRLjz1G,livelier,Dublin,Paris,2018-08-27,02:52:50,53.329323,-6.231006999999977,48.878382,2.4031159999999545
336802,50e6fcabd7c3df413b000aa6,50e74a36d7c3df413b001488,50f62c41a84ea7c5fdd2e454,513e5dc3fdc9f0358700aeab,5140d960fdc9f04926003bb4,eb5b2e112cb848899d4c73ee3c359417,"-1"" OR 2+222-222-1=0+0+0+1 -- ",livelier,Dublin,Paris,2018-08-27,02:04:23,53.329323,-6.231006999999977,48.878382,2.4031159999999545
336822,50e6fcabd7c3df413b000aa6,50e74a36d7c3df413b001488,50f62c41a84ea7c5fdd2e454,513e5dc3fdc9f0358700aeab,5140d960fdc9f04926003bb4,eb5b2e112cb848899d4c73ee3c359417,left,livelier,Dublin,Paris,2018-08-27,02:05:02,53.329323,-6.231006999999977,48.878382,2.4031159999999545
336844,50e6fcabd7c3df413b000aa6,50e74a36d7c3df413b001488,50f62c41a84ea7c5fdd2e454,513e5dc3fdc9f0358700aeab,5140d960fdc9f04926003bb4,eb5b2e112cb848899d4c73ee3c359417,1,livelier,Dublin,Paris,2018-08-27,02:04:33,53.329323,-6.231006999999977,48.878382,2.4031159999999545
336851,50e6fcabd7c3df413b000aa6,50e74a36d7c3df413b001488,50f62c41a84ea7c5fdd2e454,513e5dc3fdc9f0358700aeab,5140d960fdc9f04926003bb4,eb5b2e112cb848899d4c73ee3c359417,Tlh2b1Ci';select pg_sleep(9); -- ,livelier,Dublin,Paris,2018-08-27,02:04:25,53.329323,-6.231006999999977,48.878382,2.4031159999999545
336916,50e6fcabd7c3df413b000aa6,50e74a36d7c3df413b001488,50f62c41a84ea7c5fdd2e454,513e5dc3fdc9f0358700aeab,5140d960fdc9f04926003bb4,eb5b2e112cb848899d4c73ee3c359417,../.../.././../.../.././../.../.././../.../.././../.../.././../.../.././etc/passwd,livelier,Dublin,Paris,2018-08-27,02:04:24,53.329323,-6.231006999999977,48.878382,2.4031159999999545
336925,50e6fcabd7c3df413b000aa6,50e74a36d7c3df413b001488,50f62c41a84ea7c5fdd2e454,513e5dc3fdc9f0358700aeab,5140d960fdc9f04926003bb4,eb5b2e112cb848899d4c73ee3c359417,'+response.write(9854781*9182327)+',livelier,Dublin,Paris,2018-08-27,02:04:20,53.329323,-6.231006999999977,48.878382,2.4031159999999545
336949,50e6fcabd7c3df413b000aa6,50e74a36d7c3df413b001488,50f62c41a84ea7c5fdd2e454,513e5dc3fdc9f0358700aeab,5140d960fdc9f04926003bb4,eb5b2e112cb848899d4c73ee3c359417,k2EFMV0a,livelier,Dublin,Paris,2018-08-27,02:04:21,53.329323,-6.231006999999977,48.878382,2.4031159999999545
338997,50e6fcabd7c3df413b000aa6,50e74a36d7c3df413b001488,50f62c41a84ea7c5fdd2e454,513e5dc3fdc9f0358700aeab,5140d960fdc9f04926003bb4,eb5b2e112cb848899d4c73ee3c359417,http://testasp.vulnweb.com/t/xss.html?%00.jpg,livelier,Dublin,Paris,2018-08-27,02:04:29,53.329323,-6.231006999999977,48.878382,2.4031159999999545
339695,50e6fcabd7c3df413b000aa6,50e74a36d7c3df413b001488,50f62c41a84ea7c5fdd2e454,513e5dc3fdc9f0358700aeab,5140d960fdc9f04926003bb4,eb5b2e112cb848899d4c73ee3c359417,/WEB-INF/web.xml,livelier,Dublin,Paris,2018-08-27,02:04:27,53.329323,-6.231006999999977,48.878382,2.4031159999999545
339965,50e6fcabd7c3df413b000aa6,50e74a36d7c3df413b001488,50f62c41a84ea7c5fdd2e454,513e5dc3fdc9f0358700aeab,5140d960fdc9f04926003bb4,eb5b2e112cb848899d4c73ee3c359417,set|set&set,livelier,Dublin,Paris,2018-08-27,02:04:20,53.329323,-6.231006999999977,48.878382,2.4031159999999545
339994,50e6fcabd7c3df413b000aa6,50e74a36d7c3df413b001488,50f62c41a84ea7c5fdd2e454,513e5dc3fdc9f0358700aeab,5140d960fdc9f04926003bb4,eb5b2e112cb848899d4c73ee3c359417,left,livelier,Dublin,Paris,2018-08-27,02:04:44,53.329323,-6.231006999999977,48.878382,2.4031159999999545
340014,50e6fcabd7c3df413b000aa6,50e74a36d7c3df413b001488,50f62c41a84ea7c5fdd2e454,513e5dc3fdc9f0358700aeab,5140d960fdc9f04926003bb4,eb5b2e112cb848899d4c73ee3c359417,"right'""()&%<acx><ScRiPt >hnBv(9625)</ScRiPt>",livelier,Dublin,Paris,2018-08-27,02:04:37,53.329323,-6.231006999999977,48.878382,2.4031159999999545
340040,50e6fcabd7c3df413b000aa6,50e74a36d7c3df413b001488,50f62c41a84ea7c5fdd2e454,513e5dc3fdc9f0358700aeab,5140d960fdc9f04926003bb4,eb5b2e112cb848899d4c73ee3c359417,^(#$!@#$)(()))******,livelier,Dublin,Paris,2018-08-27,02:04:25,53.329323,-6.231006999999977,48.878382,2.4031159999999545
341128,50e6fcabd7c3df413b000aa6,50e74a36d7c3df413b001488,50f62c41a84ea7c5fdd2e454,513e5dc3fdc9f0358700aeab,5140d960fdc9f04926003bb4,eb5b2e112cb848899d4c73ee3c359417,${@print(md5(acunetix_wvs_security_test))},livelier,Dublin,Paris,2018-08-27,02:04:28,53.329323,-6.231006999999977,48.878382,2.4031159999999545
341150,50e6fcabd7c3df413b000aa6,50e74a36d7c3df413b001488,50f62c41a84ea7c5fdd2e454,513e5dc3fdc9f0358700aeab,5140d960fdc9f04926003bb4,eb5b2e112cb848899d4c73ee3c359417,"(select convert(int,CHAR(65)))",livelier,Dublin,Paris,2018-08-27,02:04:35,53.329323,-6.231006999999977,48.878382,2.4031159999999545
342215,50e6fcabd7c3df413b000aa6,50e74a36d7c3df413b001488,50f62c41a84ea7c5fdd2e454,513e5dc3fdc9f0358700aeab,5140d960fdc9f04926003bb4,eb5b2e112cb848899d4c73ee3c359417,brWIf2VR'; waitfor delay '0:0:6' -- ,livelier,Dublin,Paris,2018-08-27,02:04:25,53.329323,-6.231006999999977,48.878382,2.4031159999999545
342420,50e6fcabd7c3df413b000aa6,50e74a36d7c3df413b001488,50f62c41a84ea7c5fdd2e454,513e5dc3fdc9f0358700aeab,5140d960fdc9f04926003bb4,eb5b2e112cb848899d4c73ee3c359417,right,livelier,Dublin,Paris,2018-08-27,02:04:56,53.329323,-6.231006999999977,48.878382,2.4031159999999545
343238,50e6fcabd7c3df413b000aa6,50e74a36d7c3df413b001488,50f62c41a84ea7c5fdd2e454,513e5dc3fdc9f0358700aeab,5140d960fdc9f04926003bb4,eb5b2e112cb848899d4c73ee3c359417,"'""()",livelier,Dublin,Paris,2018-08-27,02:04:25,53.329323,-6.231006999999977,48.878382,2.4031159999999545
343273,50e6fcabd7c3df413b000aa6,50e74a36d7c3df413b001488,50f62c41a84ea7c5fdd2e454,513e5dc3fdc9f0358700aeab,5140d960fdc9f04926003bb4,eb5b2e112cb848899d4c73ee3c359417,response.write(9854781*9182327),livelier,Dublin,Paris,2018-08-27,02:04:20,53.329323,-6.231006999999977,48.878382,2.4031159999999545
343350,50e6fcabd7c3df413b000aa6,50e74a36d7c3df413b001488,50f62c41a84ea7c5fdd2e454,513e5dc3fdc9f0358700aeab,5140d960fdc9f04926003bb4,eb5b2e112cb848899d4c73ee3c359417,testasp.vulnweb.com,livelier,Dublin,Paris,2018-08-27,02:04:24,53.329323,-6.231006999999977,48.878382,2.4031159999999545
343408,50e6fcabd7c3df413b000aa6,50e74a36d7c3df413b001488,50f62c41a84ea7c5fdd2e454,513e5dc3fdc9f0358700aeab,5140d960fdc9f04926003bb4,eb5b2e112cb848899d4c73ee3c359417,WEB-INF/web.xml,livelier,Dublin,Paris,2018-08-27,02:04:27,53.329323,-6.231006999999977,48.878382,2.4031159999999545
343423,50e6fcabd7c3df413b000aa6,50e74a36d7c3df413b001488,50f62c41a84ea7c5fdd2e454,513e5dc3fdc9f0358700aeab,5140d960fdc9f04926003bb4,eb5b2e112cb848899d4c73ee3c359417,right,livelier,Dublin,Paris,2018-08-27,02:04:38,53.329323,-6.231006999999977,48.878382,2.4031159999999545
344946,50e6fcabd7c3df413b000aa6,50e74a36d7c3df413b001488,50f62c41a84ea7c5fdd2e454,513e5dc3fdc9f0358700aeab,5140d960fdc9f04926003bb4,eb5b2e112cb848899d4c73ee3c359417,../.../.././../.../.././../.../.././../.../.././../.../.././../.../.././windows/win.ini,livelier,Dublin,Paris,2018-08-27,02:04:31,53.329323,-6.231006999999977,48.878382,2.4031159999999545
345613,50e6fcabd7c3df413b000aa6,50e74a36d7c3df413b001488,50f62c41a84ea7c5fdd2e454,513e5dc3fdc9f0358700aeab,5140d960fdc9f04926003bb4,eb5b2e112cb848899d4c73ee3c359417,..\..\..\..\..\..\..\..\windows\win.ini,livelier,Dublin,Paris,2018-08-27,02:04:30,53.329323,-6.231006999999977,48.878382,2.4031159999999545
346502,50e6fcabd7c3df413b000aa6,50e74a36d7c3df413b001488,50f62c41a84ea7c5fdd2e454,513e5dc3fdc9f0358700aeab,5140d960fdc9f04926003bb4,eb5b2e112cb848899d4c73ee3c359417,index.php,livelier,Dublin,Paris,2018-08-27,02:04:31,53.329323,-6.231006999999977,48.878382,2.4031159999999545
346517,50e6fcabd7c3df413b000aa6,50e74a36d7c3df413b001488,50f62c41a84ea7c5fdd2e454,513e5dc3fdc9f0358700aeab,5140d960fdc9f04926003bb4,eb5b2e112cb848899d4c73ee3c359417,................windowswin.ini,livelier,Dublin,Paris,2018-08-27,02:04:30,53.329323,-6.231006999999977,48.878382,2.4031159999999545
346532,50e6fcabd7c3df413b000aa6,50e74a36d7c3df413b001488,50f62c41a84ea7c5fdd2e454,513e5dc3fdc9f0358700aeab,5140d960fdc9f04926003bb4,eb5b2e112cb848899d4c73ee3c359417,Http://testasp.vulnweb.com/t/fit.txt,livelier,Dublin,Paris,2018-08-27,02:04:22,53.329323,-6.231006999999977,48.878382,2.4031159999999545
346548,50e6fcabd7c3df413b000aa6,50e74a36d7c3df413b001488,50f62c41a84ea7c5fdd2e454,513e5dc3fdc9f0358700aeab,5140d960fdc9f04926003bb4,eb5b2e112cb848899d4c73ee3c359417,""";print(md5(acunetix_wvs_security_test));$a=""",livelier,Dublin,Paris,2018-08-27,02:04:27,53.329323,-6.231006999999977,48.878382,2.4031159999999545
346551,50e6fcabd7c3df413b000aa6,50e74a36d7c3df413b001488,50f62c41a84ea7c5fdd2e454,513e5dc3fdc9f0358700aeab,5140d960fdc9f04926003bb4,eb5b2e112cb848899d4c73ee3c359417,"'""()&%<acx><ScRiPt >hnBv(9029)</ScRiPt>",livelier,Dublin,Paris,2018-08-27,02:04:37,53.329323,-6.231006999999977,48.878382,2.4031159999999545
346566,50e6fcabd7c3df413b000aa6,50e74a36d7c3df413b001488,50f62c41a84ea7c5fdd2e454,513e5dc3fdc9f0358700aeab,5140d960fdc9f04926003bb4,eb5b2e112cb848899d4c73ee3c359417,"'""",livelier,Dublin,Paris,2018-08-27,02:04:37,53.329323,-6.231006999999977,48.878382,2.4031159999999545
346629,50e6fcabd7c3df413b000aa6,50e74a36d7c3df413b001488,50f62c41a84ea7c5fdd2e454,513e5dc3fdc9f0358700aeab,5140d960fdc9f04926003bb4,eb5b2e112cb848899d4c73ee3c359417,%2fetc%2fpasswd,livelier,Dublin,Paris,2018-08-27,02:04:23,53.329323,-6.231006999999977,48.878382,2.4031159999999545
346634,50e6fcabd7c3df413b000aa6,50e74a36d7c3df413b001488,50f62c41a84ea7c5fdd2e454,513e5dc3fdc9f0358700aeab,5140d960fdc9f04926003bb4,eb5b2e112cb848899d4c73ee3c359417,"<U+FFFD>'<U+FFFD>""",livelier,Dublin,Paris,2018-08-27,02:04:34,53.329323,-6.231006999999977,48.878382,2.4031159999999545
346635,50e6fcabd7c3df413b000aa6,50e74a36d7c3df413b001488,50f62c41a84ea7c5fdd2e454,513e5dc3fdc9f0358700aeab,5140d960fdc9f04926003bb4,eb5b2e112cb848899d4c73ee3c359417,index.php/.,livelier,Dublin,Paris,2018-08-27,02:04:32,53.329323,-6.231006999999977,48.878382,2.4031159999999545
346639,50e6fcabd7c3df413b000aa6,50e74a36d7c3df413b001488,50f62c41a84ea7c5fdd2e454,513e5dc3fdc9f0358700aeab,5140d960fdc9f04926003bb4,eb5b2e112cb848899d4c73ee3c359417,neOLSLWe'));select pg_sleep(9); -- ,livelier,Dublin,Paris,2018-08-27,02:04:27,53.329323,-6.231006999999977,48.878382,2.4031159999999545
346681,50e6fcabd7c3df413b000aa6,50e74a36d7c3df413b001488,50f62c41a84ea7c5fdd2e454,513e5dc3fdc9f0358700aeab,5140d960fdc9f04926003bb4,eb5b2e112cb848899d4c73ee3c359417,right,livelier,Dublin,Paris,2018-08-27,02:04:21,53.329323,-6.231006999999977,48.878382,2.4031159999999545
346750,50e6fcabd7c3df413b000aa6,50e74a36d7c3df413b001488,50f62c41a84ea7c5fdd2e454,513e5dc3fdc9f0358700aeab,5140d960fdc9f04926003bb4,eb5b2e112cb848899d4c73ee3c359417,WEB-INF\web.xml,livelier,Dublin,Paris,2018-08-27,02:04:28,53.329323,-6.231006999999977,48.878382,2.4031159999999545
346761,50e6fcabd7c3df413b000aa6,50e74a36d7c3df413b001488,50f62c41a84ea7c5fdd2e454,513e5dc3fdc9f0358700aeab,5140d960fdc9f04926003bb4,eb5b2e112cb848899d4c73ee3c359417,1some_inexistent_file_with_long_name,livelier,Dublin,Paris,2018-08-27,02:04:22,53.329323,-6.231006999999977,48.878382,2.4031159999999545
346774,50e6fcabd7c3df413b000aa6,50e74a36d7c3df413b001488,50f62c41a84ea7c5fdd2e454,513e5dc3fdc9f0358700aeab,5140d960fdc9f04926003bb4,eb5b2e112cb848899d4c73ee3c359417,../..//../..//../..//../..//../..//../..//../..//../..//etc/passwd,livelier,Dublin,Paris,2018-08-27,02:04:24,53.329323,-6.231006999999977,48.878382,2.4031159999999545
346780,50e6fcabd7c3df413b000aa6,50e74a36d7c3df413b001488,50f62c41a84ea7c5fdd2e454,513e5dc3fdc9f0358700aeab,5140d960fdc9f04926003bb4,eb5b2e112cb848899d4c73ee3c359417,/.././.././.././.././.././.././.././../etc/./passwd%00,livelier,Dublin,Paris,2018-08-27,02:04:24,53.329323,-6.231006999999977,48.878382,2.4031159999999545
346793,50e6fcabd7c3df413b000aa6,50e74a36d7c3df413b001488,50f62c41a84ea7c5fdd2e454,513e5dc3fdc9f0358700aeab,5140d960fdc9f04926003bb4,eb5b2e112cb848899d4c73ee3c359417,unexisting/../../../../../../../../../../windows/win.ini.\.\.\.\.\.\.\.\.\.\.\.\.\.\.\.\.\.\.\.\.\.\.\.\.\.\.\.\.\.\.\.\.\.\.\.\.\.\.\.\.\.\.\.\.\.\.\.\.\.\.\.\.\.\.\.\.\.\.\.\.\.\.\.\.\.\.\.\.\.\.\.\.\.\.\.\.\.\.\.\.\.\.\.\.\.\.\.\.\.\.\.\.\.\.\.\.\.\.\.\.\.\.\.\.\.\.\.\.\.\.\.\.\.\.\.\.\.\.\.\.\.\.\.\.\.\.\.\.\.\.\.\.\.\.\.\.\.\.\.\.\.\.\.\.\.\.\.\.\.\.\.\.\.\.\.\.\.\.\.\.\.\.\.\.\.\.\.\.\.\.\.\.\.\.\.\.\.\.\.\.\.\.\.\.\.\.\.\.\.\.\.\.\.\.\.\.\.\.\.\.\.\.\.\.\.\.\.\.\.\.\.\.\.\.\.\.\.\.\.\.\.\.\.\.\.\.\.\.\.\.\.\.\.\.\.\.\.\.\.\.\.\.\.\.\.\.\.\.\.\.\.\.\.\.\.\.\.\.\.\.\.\.\.\.\.\.\.\.\.\.\.\.\.\.\.\.\.\.\.\.\.\.\.\.\.\.\.\.\.\.\.\.\.\.\.\.\.\.\.\.\.\.\.\.\.\.\.\.\.\.\.\.\.\.\.\.\.\.\.\.\.\.\.\.\.\.\.\.\.\.\.\.\.\.\.\.\.\.\.\.\.\.\.\.\.\.\.\.\.\.\.\.\.\.\.\.\.\.\.\.\.\.\.\.\.\.\.\.\.\.\.\.\.\.\.\.\.\.\.\.\.\.\.\.\.\.\.\.\.\.\.\.\.\.\.\.\.\.\.\.\.\.\.\.\.\.\.\.\.\.\.\.\.\.\.\.\.\.\.\.\.\.\.\.\.\.\.\.\.\.\.\.\.\.\.\.\.\.\.\.\.\.\.\.\.\.\.\.\.\.\.\.\.\.\.\.\.\.\.\.\.\.\.\.\.\.\.\.\.\.\.\.\.\.\.\.\.\.\.\.\.\.\.\.\.\.\.\.\.\.\.\.\.\.\.\.\.\.\.\.\.\.\.\.\.\.\.\.\.\.\.\.\.\.\.\.\.\.\.\.\.\.\.\.\.\.\.\.\.\.\.\.\.\.\.\.\.\.\.\.\.\.\.\.\.\.\.\.\.\.\.\.\.\.\.\.\.\.\.\.\.\.\.\.\.\.\.\.\.\.\.\.\.\.\.\.\.\.\.\.\.\.\.\.\.\.\.\.\.\.\.\.\.\.\.\.\.\.\.\.\.\.\.\.\.\.\.\.\.\.\.\.\.\.\.\.\.\.\.\.\.\.\.\.\.\.\.\.\.\.\.\.\.\.\.\.\.\.\.\.\.\.\.\.\.\.\.\.\.\.\.\.\.\.\.\.\.\.\.\.\.\.\.\.\.\.\.\.\.\.\.\.\.\.\.\.\.\.\.\.\.\.\.\.\.\.\.\.\.\.\.\.\.\.\.\.\.\.\.\.\.\.\.\.\.\.\.\.\.\.\.\.\.\.\.\.\.\.\.\.\.\.\.\.\.\.\.\.\.\.\.\.\.\.\.\.\.\.\.\.\.\.\.\.\.\.\.\.\.\.\.\.\.\.\.\.\.\.\.\.\.\.\.\.\.\.\.\.\.\.\.\.\.\.\.\.\.\.\.\.\.\.\.\.\.\.\.\.\.\.\.\.\.\.\.\.\.\.\.\.\.\.\.\.\.\.\.\.\.\.\.\.\.\.\.\.\.\.\.\.\.\.\.\.\.\.\.\.\.\.\.\.\.\.\.\.\.\.\.\.\.\.\.\.\.\.\.\.\.\.\.\.\.\.\.\.\.\.\.\.\.\.\.\.\.\.\.\.\.\.\.\.\.\.\.\.\.\.\.\.\.\.\.\.\.\.\.\.\.\.\.\.\.\.\.\.\.\.\.\.\.\.\.\.\.\.\.\.\.\.\.\.\.\.\.\.\.\.\.\.\.\.\.\.\.\.\.\.\.\.\.\.\.\.\.\.\.\.\.\.\.\.\.\.\.\.\.\.\.\.\.\.\.\.\.\.\.\.\.\.\.\.\.\.\.\.\.\.\.\.\.\.\.\.\.\.\.\.\.\.\.\.\.\.\.\.\.\.\.\.\.\.\.\.\.\.\.\.\.\.\.\.\.\.\.\.\.\.\.\.\.\.\.\.\.\.\.\.\.\.\.\.\.\.\.\.\.\.\.\.\.\.\.\.\.\.\.\.\.\.\.\.\.\.\.\.\.\.\.\.\.\.\.\.\.\.\.\.\.\.\.\.\.\.\.\.\.\.\.\.\.\.\.\.\.\.\.\.\.\.\.\.\.\.\.\.\.\.\.\.\.\.\.\.\.\.\.\.\.\.\.\.\.\.\.\.\.\.\.\.\.\.\.\.\.\.\.\.\.\.\.\.\.\.\.\.\.\.\.\.\.\.\.\.\.\.\.\.\.\.\.\.\.\.\.\.\.\.\.\.\.\.\.\.\.\.\.\.\.\.\.\.\.\.\.\.\.\.\.\.\.\.\.\.\.\.\.\.\.\.\.\.\.\.\.\.\.\.\.\.\.\.\.\.\.\.\.\.\.\.\.\.\.\.\.\.\.\.\.\.\.\.\.\.\.\.\.\.\.\.\.\.\.\.\.\.\.\.\.\.\.\.\.\.\.\.\.\.\.\.\.\.\.\.\.\.\.\.\.\.\.\.\.\.\.\.\.\.\.\.\.\.\.\.\.\.\.\.\.\.\.\.\.\.\.\.\.\.\.\.\.\.\.\.\.\.\.\.\.\.\.\.\.\.\.\.\.\.\.\.\.\.\.\.\.\.\.\.\.\.\.\.\.\.\.\.\.\.\.\.\.\.\.\.\.\.\.\.\.\.\.\.\.\.\.\.\.\.\.\.\.\.\.\.\.\.\.\.\.\.\.\.\.\.\.\.\.\.\.\.\.\.\.\.\.\.\.\.\.\.\.\.\.\.\.\.\.\.\.\.\.\.\.\.\.\.\.\.\.\.\.\.\.\.\.\.\.\.\.\.\.\.\.\.\.\.\.\.\.\.\.\.\.\.\.\.\.\.\.\.\.\.\.\.\.\.\.\.\.\.\.\.\.\.\.\.\.\.\.\.\.\.\.\.\.\.\.\.\.\.\.\.\.\.\.\.\.\.\.\.\.\.\.\.\.\.\.\.\.\.\.\.\.\.\.\.\.\.\.\.\.\.\.\.\.\.\.\.\.\.\.\.\.\.\.\.\.\.\.\.\.\.\.\.\.\.\.\.\.\.\.\.\.\.\.\.\.\.\.\.\.\.\.\.\.\.\.\.\.\.\.\.\.\.\.\.\.\.\.\.\.\.\.\.\.\.\.\.\.\.\.\.\.\.\.\.\.\.\.\.\.\.\.\.\.\.\.\.\.\.\.\.\.\.\.\.\.\.\.\.\.\.\.\.\.\.\.\.\.\.\.\.\.\.\.\.\.\.\.\.\.\.\.\.\.\.\.\.\.\.\.\.\.\.\.\.\.\.\.\.\.\.\.\.\.\.\.\.\.\.\.\.\.\.\.\.\.\.\.\.\.\.\.\.\.\.\.\.\.\.\.\.\.\.\.\.\.\.\.\.\.\.\.\.\.\.\.\.\.\.\.\.\.\.\.\.\.\.\.\.\.\.\.\.\.\.\.\.\.\.\.\.\.\.\.\.\.\.\.\.\.\.\.\.\.\.\.\.\.\.\.\.\.\.\.\.\.\.\.\.\.\.\.\.\.\.\.\.\.\.\.\.\.\.\.\.\.\.\.\.\.\.\.\.\.\.\.\.\.\.\.\.\.\.\.\.\.\.\.\.\.\.\.\.\.\.\.\.\.\.\.\.\.\.\.\.\.\.\.\.\.\.\.\.\.\.\.\.\.\.\.\.\.\.\.\.\.\.\.\.\.\.\.\.\.\.\.\.\.\.\.\.\.\.\.\.\.\.\.\.\.\.\.\.\.\.\.\.\.\.\.\.\.\.\.\.\.\.\.\.\.\.\.\.\.\.\.\.\.\.\.\.\.\.\.\.\.\.\.\.\.\.\.\.\.\.\.\.\.\.\.\.\.\.\.\.\.\.\.\.\.\.\.\.\.\.\.\.\.\.\.\.\.\.\.\.\.\.\.\.\.\.\.\.\.\.\.\.\.\.\.\.\.\.\.\.\.\.\.\.\.\.\.\.\.\.\.\.\.\.\.\.\.\.\.\.\.\.\.\.\.\.\.\.\.\.\.\.\.\.\.\.\.\.\.\.\.\.\.\.\.\.\.\.\.\.\.\.\.\.\.\.\.\.\.\.\.\.\.\.\.\.\.\.\.\.\.\.\.\.\.\.\.\.\.\.\.\.\.\.\.\.\.\.\.\.\.\.\.\.\.\.\.\.\.\.\.\.\.\,livelier,Dublin,Paris,2018-08-27,02:04:31,53.329323,-6.231006999999977,48.878382,2.4031159999999545
348095,50e6fcabd7c3df413b000aa6,50e74a36d7c3df413b001488,50f62c41a84ea7c5fdd2e454,513e5dc3fdc9f0358700aeab,5140d960fdc9f04926003bb4,eb5b2e112cb848899d4c73ee3c359417,/.\\./.\\./.\\./.\\./.\\./.\\./windows/win.ini,livelier,Dublin,Paris,2018-08-27,02:04:30,53.329323,-6.231006999999977,48.878382,2.4031159999999545
349791,50e6fcabd7c3df413b000aa6,50e74a36d7c3df413b001488,50f62c41a84ea7c5fdd2e454,513e5dc3fdc9f0358700aeab,5140d960fdc9f04926003bb4,eb5b2e112cb848899d4c73ee3c359417,!(()&&!|*|*|,livelier,Dublin,Paris,2018-08-27,02:04:25,53.329323,-6.231006999999977,48.878382,2.4031159999999545
349818,50e6fcabd7c3df413b000aa6,50e74a36d7c3df413b001488,50f62c41a84ea7c5fdd2e454,513e5dc3fdc9f0358700aeab,5140d960fdc9f04926003bb4,eb5b2e112cb848899d4c73ee3c359417,right,livelier,Dublin,Paris,2018-08-27,02:04:38,53.329323,-6.231006999999977,48.878382,2.4031159999999545
349883,50e6fcabd7c3df413b000aa6,50e74a36d7c3df413b001488,50f62c41a84ea7c5fdd2e454,513e5dc3fdc9f0358700aeab,5140d960fdc9f04926003bb4,eb5b2e112cb848899d4c73ee3c359417,../../../../../../../../../../etc/passwd,livelier,Dublin,Paris,2018-08-27,02:04:22,53.329323,-6.231006999999977,48.878382,2.4031159999999545
349933,50e6fcabd7c3df413b000aa6,50e74a36d7c3df413b001488,50f62c41a84ea7c5fdd2e454,513e5dc3fdc9f0358700aeab,5140d960fdc9f04926003bb4,eb5b2e112cb848899d4c73ee3c359417,..%2F..%2F..%2F..%2F..%2F..%2F..%2F..%2F..%2F..%2Fetc%2Fpasswd%00.jpg,livelier,Dublin,Paris,2018-08-27,02:04:21,53.329323,-6.231006999999977,48.878382,2.4031159999999545
350028,50e6fcabd7c3df413b000aa6,50e74a36d7c3df413b001488,50f62c41a84ea7c5fdd2e454,513e5dc3fdc9f0358700aeab,5140d960fdc9f04926003bb4,eb5b2e112cb848899d4c73ee3c359417,1 waitfor delay '0:0:6' -- ,livelier,Dublin,Paris,2018-08-27,02:04:24,53.329323,-6.231006999999977,48.878382,2.4031159999999545
350876,50e6fcabd7c3df413b000aa6,50e74a36d7c3df413b001488,50f62c41a84ea7c5fdd2e454,513e5dc3fdc9f0358700aeab,5140d960fdc9f04926003bb4,eb5b2e112cb848899d4c73ee3c359417,http://testasp.vulnweb.com/t/fit.txt?.jpg,livelier,Dublin,Paris,2018-08-27,02:04:23,53.329323,-6.231006999999977,48.878382,2.4031159999999545
352065,50e6fcabd7c3df413b000aa6,50e74a36d7c3df413b001488,50f62c41a84ea7c5fdd2e454,513e5dc3fdc9f0358700aeab,5140d960fdc9f04926003bb4,eb5b2e112cb848899d4c73ee3c359417,../../../../../../../../../../windows/win.ini,livelier,Dublin,Paris,2018-08-27,02:04:29,53.329323,-6.231006999999977,48.878382,2.4031159999999545
352837,50e6fcabd7c3df413b000aa6,50e74a36d7c3df413b001488,50f62c41a84ea7c5fdd2e454,513e5dc3fdc9f0358700aeab,5140d960fdc9f04926003bb4,eb5b2e112cb848899d4c73ee3c359417,"12345'""\'\"");|]*",livelier,Dublin,Paris,2018-08-27,02:04:21,53.329323,-6.231006999999977,48.878382,2.4031159999999545
352907,50e6fcabd7c3df413b000aa6,50e74a36d7c3df413b001488,50f62c41a84ea7c5fdd2e454,513e5dc3fdc9f0358700aeab,5140d960fdc9f04926003bb4,eb5b2e112cb848899d4c73ee3c359417,"""+response.write(9854781*9182327)+""",livelier,Dublin,Paris,2018-08-27,02:04:21,53.329323,-6.231006999999977,48.878382,2.4031159999999545
353278,50e6fcabd7c3df413b000aa6,50e74a36d7c3df413b001488,50f62c41a84ea7c5fdd2e454,513e5dc3fdc9f0358700aeab,5140d960fdc9f04926003bb4,eb5b2e112cb848899d4c73ee3c359417,../../../../../../../../../../windows/win.ini,livelier,Dublin,Paris,2018-08-27,02:04:28,53.329323,-6.231006999999977,48.878382,2.4031159999999545
353839,50e6fcabd7c3df413b000aa6,50e74a36d7c3df413b001488,50f62c41a84ea7c5fdd2e454,513e5dc3fdc9f0358700aeab,5140d960fdc9f04926003bb4,eb5b2e112cb848899d4c73ee3c359417,),livelier,Dublin,Paris,2018-08-27,02:04:24,53.329323,-6.231006999999977,48.878382,2.4031159999999545
353880,50e6fcabd7c3df413b000aa6,50e74a36d7c3df413b001488,50f62c41a84ea7c5fdd2e454,513e5dc3fdc9f0358700aeab,5140d960fdc9f04926003bb4,eb5b2e112cb848899d4c73ee3c359417,"(select(0)from(select(sleep(6)))v)/*'+(select(0)from(select(sleep(6)))v)+'""+(select(0)from(select(sleep(6)))v)+""*/",livelier,Dublin,Paris,2018-08-27,02:04:24,53.329323,-6.231006999999977,48.878382,2.4031159999999545
355357,50e6fcabd7c3df413b000aa6,50e74a36d7c3df413b001488,50f62c41a84ea7c5fdd2e454,513e5dc3fdc9f0358700aeab,5140d960fdc9f04926003bb4,eb5b2e112cb848899d4c73ee3c359417,left,livelier,Dublin,Paris,2018-08-27,02:00:49,53.329323,-6.231006999999977,48.878382,2.4031159999999545
355481,50e6fcabd7c3df413b000aa6,50e74a36d7c3df413b001488,50f62c41a84ea7c5fdd2e454,513e5dc3fdc9f0358700aeab,5140d960fdc9f04926003bb4,eb5b2e112cb848899d4c73ee3c359417,left,livelier,Dublin,Paris,2018-08-27,02:05:01,53.329323,-6.231006999999977,48.878382,2.4031159999999545
356012,50e6fcabd7c3df413b000aa6,50e74a36d7c3df413b001488,50f62c41a84ea7c5fdd2e454,513e5dc3fdc9f0358700aeab,5140d960fdc9f04926003bb4,eb5b2e112cb848899d4c73ee3c359417,${10000266+9999972},livelier,Dublin,Paris,2018-08-27,02:04:21,53.329323,-6.231006999999977,48.878382,2.4031159999999545
356345,50e6fcabd7c3df413b000aa6,50e74a36d7c3df413b001488,50f62c41a84ea7c5fdd2e454,513e5dc3fdc9f0358700aeab,5140d960fdc9f04926003bb4,eb5b2e112cb848899d4c73ee3c359417,left,livelier,Dublin,Paris,2018-08-27,02:04:43,53.329323,-6.231006999999977,48.878382,2.4031159999999545
356745,50e6fcabd7c3df413b000aa6,50e74a36d7c3df413b001488,50f62c41a84ea7c5fdd2e454,513e5dc3fdc9f0358700aeab,5140d960fdc9f04926003bb4,eb5b2e112cb848899d4c73ee3c359417,${@print(md5(acunetix_wvs_security_test))}\,livelier,Dublin,Paris,2018-08-27,02:04:28,53.329323,-6.231006999999977,48.878382,2.4031159999999545
